miRNA,sum,percent,miRNA.name,Mature_sequence,Length,S1.1,S1.2,S2.1,S2.2,S3.1,S3.2,sum.y
MiR156,37145,5.683748259,fta-miR156a-5p,TGACAGAAGAGAGTGAGCAC,20,2257,3075,1796,1746,1585,572,11031
MiR156,37145,5.683748259,fta-miR156b-5p,TGACAGAAGAGAGTGAGCAC,20,0,2,0,0,0,0,2
MiR156,37145,5.683748259,fta-miR156c-5p,TGACAGAAGAGAGTGAGCAC,21,13,18,4,4,5,3,47
MiR156,37145,5.683748259,fta-miR156d-5p,TGACAGAAGAGAGTGAGCAC,21,0,2,0,0,0,0,2
MiR156,37145,5.683748259,fta-miR156e-5p,TGACAGAAGAGAGTGAGCAC,21,2254,3071,1794,1743,1582,566,11010
MiR156,37145,5.683748259,fta-miR156f-3p,TGACAGAAGAGAGTGAGCAC,21,0,2,0,0,0,0,2
MiR156,37145,5.683748259,fta-miR156g-5p,TGACAGAAGAGAGTGAGCAC,21,3029,4191,2335,2259,2232,765,14811
MiR156,37145,5.683748259,fta-miR156h-5p,TGACAGAAGAGAGTGAGCAC,19,5,3,4,2,4,5,23
MiR156,37145,5.683748259,fta-miR156i-5p,TGACAGAAGAGAGTGAGCAC,19,13,18,5,4,5,3,48
MiR156,37145,5.683748259,fta-miR156j-5p,TGACAGAAGAGAGTGAGCAC,21,25,34,25,32,37,16,169
MiR159,319190,48.84091013,fta-miR159-3p,TTTGGATTGAAGGGAGCTCTA,21,67201,95396,54380,53334,34073,14806,319190
MiR162,16795,2.569889676,fta-miR162a-3p,TCGATAAACCTCTGCATCCAG,21,1696,2014,1733,1540,1052,343,8378
MiR162,16795,2.569889676,fta-miR162b-5p,TCGATAAACCTCTGCATCCAG,21,2,2,3,7,3,0,17
MiR162,16795,2.569889676,fta-miR162c-5p,TCGATAAACCTCTGCATCCAG,22,2,2,3,7,3,0,17
MiR162,16795,2.569889676,fta-miR162d-3p,TCGATAAACCTCTGCATCCAG,20,1696,2014,1734,1543,1053,343,8383
MiR164,2076,0.31765948,fta-miR164a-5p,TGGAGAAGCAGGGCACGTGCA,21,124,247,131,164,20,6,692
MiR164,2076,0.31765948,fta-miR164b-5p,TGGAGAAGCAGGGCACGTGCA,22,124,247,131,164,20,6,692
MiR164,2076,0.31765948,fta-miR164c-5p,TGGAGAAGCAGGGCACGTGCA,20,124,247,131,164,20,6,692
MiR166,44740,6.845898429,fta-miR166a-3p,TCGGACCAGGCTTCATTCCCCC,22,1714,2857,672,555,500,189,6487
MiR166,44740,6.845898429,fta-miR166b-3p,TCGGACCAGGCTTCATTCCCCC,19,40,42,10,8,13,6,119
MiR166,44740,6.845898429,fta-miR166c-3p,TCGGACCAGGCTTCATTCCCCC,21,1714,2857,672,555,500,189,6487
MiR166,44740,6.845898429,fta-miR166d-3p,TCGGACCAGGCTTCATTCCCCC,21,1689,2804,643,539,499,182,6356
MiR166,44740,6.845898429,fta-miR166e-3p,TCGGACCAGGCTTCATTCCCCC,22,1169,2114,518,467,291,121,4680
MiR166,44740,6.845898429,fta-miR166f-5p,TCGGACCAGGCTTCATTCCCCC,21,1169,2114,518,467,291,121,4680
MiR166,44740,6.845898429,fta-miR166g-3p,TCGGACCAGGCTTCATTCCCCC,19,1682,2789,638,532,493,181,6315
MiR166,44740,6.845898429,fta-miR166h-3p,TCGGACCAGGCTTCATTCCCCC,21,2101,3743,853,683,578,213,8171
MiR166,44740,6.845898429,fta-miR166i-5p,TCGGACCAGGCTTCATTCCCCC,21,181,196,278,247,161,67,1130
MiR166,44740,6.845898429,fta-miR166j-3p,TCGGACCAGGCTTCATTCCCCC,20,100,113,30,23,30,14,310
MiR166,44740,6.845898429,fta-miR166k-3p,TCGGACCAGGCTTCATTCCCCC,20,2,2,0,0,1,0,5
MiR167,71808,10.98771288,fta-miR167a-5p,TGAAGCTGCCAGCATGATCTAA,22,1906,2627,1106,962,731,267,7599
MiR167,71808,10.98771288,fta-miR167b-5p,TGAAGCTGCCAGCATGATCTAA,21,1906,2627,1106,962,731,267,7599
MiR167,71808,10.98771288,fta-miR167c-5p,TGAAGCTGCCAGCATGATCTAA,20,14622,20200,7798,6843,5313,1834,56610
MiR168,9266,1.417838508,fta-miR168a-5p,TCGCTTGGTGCAGGTCGGGA,20,254,350,268,388,131,32,1423
MiR168,9266,1.417838508,fta-miR168b-5p,TCGCTTGGTGCAGGTCGGGA,21,241,334,268,384,124,31,1382
MiR168,9266,1.417838508,fta-miR168b-3p,TCGCTTGGTGCAGGTCGGGA,21,193,267,827,1339,277,35,2938
MiR168,9266,1.417838508,fta-miR168c-5p,TCGCTTGGTGCAGGTCGGGA,19,249,341,268,386,126,32,1402
MiR168,9266,1.417838508,fta-miR168d-5p,TCGCTTGGTGCAGGTCGGGA,21,280,346,521,712,208,54,2121
MiR319,25028,3.82966352,fta-miR319a-3p,TTGGACTGAAGGGAGCTCCCT,21,1809,1731,2562,2088,1013,410,9613
MiR319,25028,3.82966352,fta-miR319b-3p,TTGGACTGAAGGGAGCTCCCT,19,6,5,3,3,2,2,21
MiR319,25028,3.82966352,fta-miR319c-3p,TTGGACTGAAGGGAGCTCCCT,20,1896,1810,2620,2109,1056,431,9922
MiR319,25028,3.82966352,fta-miR319d-3p,TTGGACTGAAGGGAGCTCCCT,20,184,181,247,267,82,24,985
MiR319,25028,3.82966352,fta-miR319e-3p,TTGGACTGAAGGGAGCTCCCT,21,71,75,92,89,36,13,376
MiR319,25028,3.82966352,fta-miR319f-3p,TTGGACTGAAGGGAGCTCCCT,20,53,48,43,45,25,15,229
MiR319,25028,3.82966352,fta-miR319g-3p,TTGGACTGAAGGGAGCTCCCT,20,15,11,10,10,3,3,52
MiR319,25028,3.82966352,fta-miR319h-3p,TTGGACTGAAGGGAGCTCCCT,21,471,496,634,554,281,100,2536
MiR319,25028,3.82966352,fta-miR319i-3p,TTGGACTGAAGGGAGCTCCCT,21,183,181,247,267,82,24,984
MiR319,25028,3.82966352,fta-miR319j-3p,TTGGACTGAAGGGAGCTCCCT,21,65,60,70,67,35,13,310
MiR396,102850,15.7376096,fta-miR396a-5p,TTCCACAGCTTTCTTGAACTG,21,1249,1899,2695,3439,1035,416,10733
MiR396,102850,15.7376096,fta-miR396b-3p,TTCCACAGCTTTCTTGAACTG,21,2101,1904,4733,7030,1224,566,17558
MiR396,102850,15.7376096,fta-miR396c-3p,TTCCACAGCTTTCTTGAACTG,20,2092,1896,4686,6945,1205,559,17383
MiR396,102850,15.7376096,fta-miR396d-3p,TTCCACAGCTTTCTTGAACTG,20,331,195,1297,1948,341,170,4282
MiR396,102850,15.7376096,fta-miR396e-5p,TTCCACAGCTTTCTTGAACTG,20,2856,6647,3620,4182,1718,537,19560
MiR396,102850,15.7376096,fta-miR396f-5p,TTCCACAGCTTTCTTGAACTG,21,3610,8008,4058,4549,1890,578,22693
MiR396,102850,15.7376096,fta-miR396g-5p,TTCCACAGCTTTCTTGAACTG,20,1230,1862,2680,3425,1030,414,10641
MiR398,5667,0.867136933,fta-miR398a-3p,TGTGTTCTCAGGTCACCCCT,20,22,30,27,32,6,3,120
MiR398,5667,0.867136933,fta-miR398b-3p,TGTGTTCTCAGGTCACCCCT,21,22,30,27,32,6,3,120
MiR398,5667,0.867136933,fta-miR398c-3p,TGTGTTCTCAGGTCACCCCT,21,486,679,1821,1612,629,200,5427
MiR408,2206,0.337551451,fta-miR408a-3p,TGCACTGCCTCTTCCCTGGCT,21,128,360,322,257,32,4,1103
MiR408,2206,0.337551451,fta-miR408b-3p,TGCACTGCCTCTTCCCTGGCT,20,128,360,322,257,32,4,1103
MiR858,10355,1.584472021,fta-miR858a-5p,TTTCGTTGTCTGTTCGACCTT,21,777,960,634,478,1021,1302,5172
MiR858,10355,1.584472021,fta-miR858b-3p,TTTCGTTGTCTGTTCGACCTT,21,765,1427,936,1190,595,270,5183
